<?xml version="1.0" encoding="UTF-8"?>
<launch4jConfig>
  <dontWrapJar>false</dontWrapJar>
  <headerType>gui</headerType>
  <jar>C:\Users\HP\OneDrive\Bureau\SmartHB\SHB.jar</jar>
  <outfile>C:\Users\HP\OneDrive\Bureau\SmartHB\SmartHB.exe</outfile>
  <errTitle></errTitle>
  <cmdLine></cmdLine>
  <chdir>.</chdir>
  <priority>normal</priority>
  <downloadUrl></downloadUrl>
  <supportUrl></supportUrl>
  <stayAlive>false</stayAlive>
  <restartOnCrash>false</restartOnCrash>
  <manifest></manifest>
  <icon>C:\Users\HP\OneDrive\Bureau\SmartHB\SmartHB.ico</icon>
  <jre>
    <path>c:\HOME,%JAVA_HOME%&apos;.</path>
    <requiresJdk>false</requiresJdk>
    <requires64Bit>false</requires64Bit>
    <minVersion>1.8</minVersion>
    <maxVersion>1.9</maxVersion>
  </jre>
</launch4jConfig>